{"cameraMode":{"drawMode":0,"name":"Shaded","section":"Shading Mode"},"sceneLighting":true,"audioPlay":false,"sceneViewState":{"showFog":true,"showMaterialUpdate":false,"showSkybox":true,"showFlares":true,"showImageEffects":true,"showParticleSystems":true},"in2DMode":false,"pivot":{"x":25.398319244384767,"y":10.148569107055664,"z":7.865743160247803},"rotation":{"x":-0.060938190668821338,"y":0.9373152256011963,"z":-0.27035093307495119,"w":-0.21127480268478394},"size":10.0,"orthographic":false}